                  epoch,         train/box_loss,         train/cls_loss,         train/dfl_loss,   metrics/precision(B),      metrics/recall(B),       metrics/mAP50(B),    metrics/mAP50-95(B),           val/box_loss,           val/cls_loss,           val/dfl_loss,                 lr/pg0,                 lr/pg1,                 lr/pg2
                      1,                  2.134,                  2.225,                 1.8824,                0.00011,                0.02639,                  7e-05,                  2e-05,                 5.3397,                    inf,                 1034.7,               0.070261,              0.0033043,              0.0033043
                      2,                 2.2479,                 2.1595,                  2.044,                0.00443,                0.41425,                0.00262,                0.00068,                 4.0147,                    inf,                 43.257,               0.040239,              0.0066158,              0.0066158
                      3,                 2.1372,                 2.0857,                   1.92,                0.12009,                0.12665,                 0.0418,                0.01457,                 3.1868,                 4.4958,                 3.6572,               0.010195,              0.0099052,              0.0099052
                      4,                 1.9881,                 1.9262,                 1.8113,                0.00418,                  0.219,                0.00278,                0.00117,                 3.1726,                 123.74,                 4.5592,               0.009901,               0.009901,               0.009901
                      5,                 1.8902,                 1.7881,                 1.7346,                0.24613,                0.45829,                0.20921,                0.07269,                 2.3351,                 3.2973,                 2.6634,               0.009901,               0.009901,               0.009901
                      6,                 1.7642,                 1.7218,                 1.6443,                0.31962,                0.43272,                0.26093,                 0.0944,                 2.3555,                 2.2388,                 2.7627,               0.009868,               0.009868,               0.009868
                      7,                 1.7159,                 1.6231,                  1.577,                0.37394,                0.48549,                0.34007,                 0.1161,                 2.1179,                 2.1214,                 2.3743,               0.009835,               0.009835,               0.009835
                      8,                 1.6897,                 1.6031,                 1.5747,                0.35707,                0.43376,                0.30624,                0.11922,                    nan,                    nan,                    nan,               0.009802,               0.009802,               0.009802
                      9,                 1.6779,                 1.5892,                 1.5594,                0.49087,                0.46702,                0.43444,                0.17706,                  1.961,                 2.3556,                 2.2186,               0.009769,               0.009769,               0.009769
                     10,                 1.6859,                 1.5874,                 1.5592,                0.44598,                0.48638,                0.35949,                0.12852,                 2.0753,                 2.0737,                 2.2697,               0.009736,               0.009736,               0.009736
                     11,                 1.6035,                  1.472,                 1.4925,                0.35163,                 0.4934,                0.27308,                0.10033,                 2.1177,                  2.517,                 2.3544,               0.009703,               0.009703,               0.009703
                     12,                  1.582,                  1.449,                 1.4811,                0.46024,                0.41161,                0.33825,                0.13525,                 2.3048,                 2.1651,                 2.4651,                0.00967,                0.00967,                0.00967
                     13,                 1.5291,                   1.46,                 1.4704,                0.54857,                0.52584,                0.49076,                 0.2211,                 1.8019,                  1.737,                 2.0419,               0.009637,               0.009637,               0.009637
                     14,                 1.4992,                 1.4187,                 1.4425,                0.57809,                0.52507,                0.51958,                0.23416,                 1.8441,                 1.7996,                   2.03,               0.009604,               0.009604,               0.009604
                     15,                 1.5386,                 1.4213,                 1.4395,                0.44583,                0.50733,                0.42855,                0.19591,                 1.7695,                 1.7169,                 2.0324,               0.009571,               0.009571,               0.009571
                     16,                 1.4651,                 1.3459,                 1.4107,                0.52265,                0.59631,                0.48597,                0.21576,                 1.8531,                 1.6705,                  2.067,               0.009538,               0.009538,               0.009538
                     17,                 1.4761,                 1.3657,                 1.4175,                0.38882,                0.49015,                0.32067,                0.14242,                  1.884,                 2.0411,                 2.0793,               0.009505,               0.009505,               0.009505
                     18,                 1.4626,                 1.3475,                 1.3997,                0.65233,                0.60398,                0.57231,                0.28534,                 1.6909,                 1.5694,                 1.9962,               0.009472,               0.009472,               0.009472
                     19,                 1.4786,                 1.3948,                 1.4348,                0.56253,                0.53606,                0.49659,                0.23162,                 1.8126,                 1.6572,                 2.0357,               0.009439,               0.009439,               0.009439
                     20,                 1.3856,                 1.3022,                 1.3612,                0.60446,                0.58311,                0.55563,                0.27218,                 1.7234,                 1.6447,                 1.9461,               0.009406,               0.009406,               0.009406
                     21,                 1.4023,                 1.3065,                 1.3703,                0.60058,                0.61478,                0.58558,                0.30025,                 1.6387,                 1.8162,                 1.8482,               0.009373,               0.009373,               0.009373
                     22,                 1.4075,                 1.2953,                  1.381,                0.55594,                0.60686,                0.53407,                0.25048,                 1.6429,                 1.6855,                 1.8494,                0.00934,                0.00934,                0.00934
                     23,                 1.3898,                 1.2795,                 1.3726,                0.46246,                0.60686,                0.47682,                 0.2348,                 1.7107,                 1.6729,                 1.8873,               0.009307,               0.009307,               0.009307
                     24,                 1.3827,                 1.2373,                 1.3888,                0.43016,                 0.5066,                0.40394,                0.19197,                 1.8376,                 1.9265,                 2.0835,               0.009274,               0.009274,               0.009274
                     25,                 1.4004,                 1.2803,                 1.3774,                 0.4849,                0.58311,                0.48797,                0.23363,                 1.7013,                 1.8094,                 1.8547,               0.009241,               0.009241,               0.009241
                     26,                 1.3619,                 1.2756,                 1.3541,                0.39365,                0.57256,                0.32829,                0.15568,                 1.6346,                 1.8934,                  1.844,               0.009208,               0.009208,               0.009208
                     27,                 1.3855,                 1.2744,                  1.376,                0.65152,                0.63325,                 0.6122,                0.31824,                 1.5735,                 1.4621,                 1.7696,               0.009175,               0.009175,               0.009175
                     28,                 1.3575,                 1.2241,                 1.3498,                0.01039,                0.27177,                0.00594,                0.00302,                 2.5006,                 27.964,                 2.9707,               0.009142,               0.009142,               0.009142
                     29,                 1.3574,                 1.1833,                 1.3436,                0.43057,                 0.6438,                0.43277,                0.20097,                 1.5785,                 1.5904,                 1.8232,               0.009109,               0.009109,               0.009109
                     30,                 1.3744,                 1.2028,                 1.3522,                0.66015,                0.61214,                0.59696,                0.31795,                 1.6175,                 1.5368,                 1.8282,               0.009076,               0.009076,               0.009076
                     31,                 1.3903,                 1.2486,                  1.363,                0.59301,                0.41953,                0.42172,                0.21961,                 2.0204,                 1.9106,                 2.2144,               0.009043,               0.009043,               0.009043
                     32,                 1.3842,                 1.2743,                 1.3632,                0.44294,                 0.4723,                0.40674,                0.18612,                 1.6881,                 1.8479,                 1.8967,                0.00901,                0.00901,                0.00901
                     33,                 1.3202,                 1.2124,                 1.3289,                0.61232,                0.61478,                0.58303,                0.29342,                  1.661,                 1.6681,                 1.8742,               0.008977,               0.008977,               0.008977
                     34,                 1.3162,                 1.2166,                 1.3231,                 0.6888,                0.65172,                0.64989,                0.39827,                 1.3526,                 1.3715,                 1.6686,               0.008944,               0.008944,               0.008944
                     35,                 1.3814,                 1.3005,                  1.355,                0.56163,                0.59496,                0.54166,                0.29801,                  1.483,                 1.5034,                 1.7197,               0.008911,               0.008911,               0.008911
                     36,                 1.3557,                 1.2424,                  1.343,                0.64828,                0.58839,                0.58662,                0.30181,                 1.5734,                 1.5969,                 1.8228,               0.008878,               0.008878,               0.008878
                     37,                 1.3292,                 1.2082,                 1.3033,                0.62507,                0.65103,                0.59013,                 0.3223,                 1.5016,                 1.5253,                 1.7923,               0.008845,               0.008845,               0.008845
                     38,                 1.2932,                 1.2009,                 1.3163,                 0.6852,                0.65472,                0.64507,                0.38459,                 1.4226,                 1.3919,                 1.7031,               0.008812,               0.008812,               0.008812
                     39,                 1.2735,                  1.167,                  1.303,                0.68457,                0.63325,                0.60072,                0.33989,                 1.4643,                 1.4499,                 1.7008,               0.008779,               0.008779,               0.008779
                     40,                 1.2838,                 1.1435,                 1.3065,                0.68804,                0.62848,                 0.6122,                0.35015,                 1.5311,                  1.435,                 1.7613,               0.008746,               0.008746,               0.008746
                     41,                 1.2643,                 1.1392,                 1.2875,                0.48563,                0.61741,                 0.3877,                0.19536,                 1.5897,                    nan,                 1.8672,               0.008713,               0.008713,               0.008713
                     42,                 1.2616,                 1.1534,                 1.2849,                0.72188,                0.68486,                0.66706,                0.37239,                 1.4142,                 1.4486,                 1.6898,                0.00868,                0.00868,                0.00868
                     43,                 1.2835,                 1.1273,                 1.2973,                0.62843,                0.58575,                0.59831,                0.32266,                  1.534,                 1.4831,                 1.7878,               0.008647,               0.008647,               0.008647
                     44,                 1.2344,                 1.1112,                 1.2851,                0.71263,                0.62159,                 0.6395,                0.37065,                 1.4319,                 1.4712,                 1.7216,               0.008614,               0.008614,               0.008614
                     45,                 1.2558,                 1.1162,                    1.3,                0.56065,                0.63852,                0.55868,                0.31001,                 1.4581,                 1.5137,                 1.7263,               0.008581,               0.008581,               0.008581
                     46,                 1.2866,                 1.1743,                 1.2995,                0.70766,                0.65148,                0.65929,                0.38925,                 1.4181,                 1.3932,                    1.7,               0.008548,               0.008548,               0.008548
                     47,                 1.2632,                  1.108,                 1.2911,                0.65365,                0.66491,                0.64198,                0.39582,                 1.3039,                 1.3521,                 1.6117,               0.008515,               0.008515,               0.008515
                     48,                 1.2286,                 1.1195,                 1.2949,                0.72558,                0.69921,                0.69126,                0.42255,                 1.3595,                 1.3001,                 1.6405,               0.008482,               0.008482,               0.008482
                     49,                 1.2301,                  1.084,                 1.2742,                0.75037,                0.69795,                0.66985,                0.41117,                 1.3436,                 1.3537,                 1.6115,               0.008449,               0.008449,               0.008449
                     50,                 1.2083,                 1.0763,                 1.2712,                0.64543,                0.67018,                0.60456,                0.35548,                  1.342,                 1.4543,                 1.6319,               0.008416,               0.008416,               0.008416
                     51,                 1.2501,                 1.0988,                 1.2906,                0.73798,                0.59451,                0.62797,                0.36722,                 1.6163,                 1.4217,                 1.8733,               0.008383,               0.008383,               0.008383
                     52,                 1.2563,                 1.1263,                 1.2708,                0.76653,                0.57256,                0.60957,                0.37975,                 1.4894,                 1.4869,                 1.8067,                0.00835,                0.00835,                0.00835
                     53,                 1.2251,                  1.105,                 1.2786,                0.69839,                0.63539,                0.63715,                 0.3721,                 1.4086,                 1.3207,                 1.6817,               0.008317,               0.008317,               0.008317
                     54,                 1.2078,                  1.107,                 1.2691,                0.65012,                0.56871,                0.58156,                0.36386,                 1.4852,                 1.4501,                 1.7658,               0.008284,               0.008284,               0.008284
                     55,                 1.2147,                 1.1018,                 1.2652,                0.74156,                0.65111,                0.67566,                0.42808,                 1.2915,                 1.3269,                 1.5869,               0.008251,               0.008251,               0.008251
                     56,                 1.2003,                 1.0675,                 1.2668,                0.71044,                0.67975,                  0.694,                0.43742,                 1.3265,                 1.2634,                 1.6141,               0.008218,               0.008218,               0.008218
                     57,                 1.2504,                  1.098,                 1.2915,                0.63969,                0.64176,                0.62704,                0.35933,                 1.4257,                 1.4332,                 1.6872,               0.008185,               0.008185,               0.008185
                     58,                 1.2302,                 1.0969,                 1.2737,                0.70076,                0.67018,                0.65563,                0.38145,                 1.3411,                  1.352,                 1.6478,               0.008152,               0.008152,               0.008152
                     59,                 1.2011,                 1.0749,                 1.2806,                0.77865,                 0.5752,                0.63407,                0.38704,                 1.4368,                 1.4472,                 1.7477,               0.008119,               0.008119,               0.008119
                     60,                 1.1538,                 1.0067,                 1.2276,                0.71976,                0.68447,                0.68869,                 0.4361,                  1.328,                 1.4038,                 1.6369,               0.008086,               0.008086,               0.008086
                     61,                 1.1915,                 1.0401,                 1.2724,                0.72539,                0.65435,                 0.6802,                0.42911,                 1.3294,                 1.2985,                 1.6525,               0.008053,               0.008053,               0.008053
                     62,                 1.1807,                  1.044,                 1.2551,                0.67118,                0.60422,                0.58994,                0.33177,                 1.5006,                 1.4057,                 1.6903,                0.00802,                0.00802,                0.00802
                     63,                 1.1964,                 1.0348,                 1.2575,                 0.7002,                0.67787,                0.66163,                0.37242,                 1.3818,                  1.372,                 1.6057,               0.007987,               0.007987,               0.007987
                     64,                 1.1979,                 1.0577,                  1.243,                0.75356,                0.71768,                0.70496,                 0.4346,                 1.2671,                  1.219,                 1.5523,               0.007954,               0.007954,               0.007954
                     65,                 1.1707,                 1.0429,                  1.238,                0.77046,                0.67018,                0.69844,                0.44601,                 1.3405,                 1.2133,                 1.6231,               0.007921,               0.007921,               0.007921
                     66,                 1.2012,                 1.0591,                 1.2599,                0.71906,                0.69129,                0.69114,                0.43821,                 1.2466,                 1.2902,                 1.5841,               0.007888,               0.007888,               0.007888
                     67,                 1.1602,                 1.0313,                 1.2477,                0.63315,                0.67398,                0.62478,                0.37104,                 1.3318,                 1.4054,                 1.6275,               0.007855,               0.007855,               0.007855
                     68,                  1.179,                 1.0332,                 1.2467,                0.74537,                0.53298,                0.57983,                0.36498,                 1.5718,                 1.5795,                 1.8881,               0.007822,               0.007822,               0.007822
                     69,                 1.1911,                 1.0558,                 1.2493,                0.78992,                 0.7124,                0.71614,                0.48042,                 1.2198,                 1.2206,                 1.5363,               0.007789,               0.007789,               0.007789
                     70,                 1.1159,                 0.9905,                 1.2135,                0.75599,                0.67848,                0.69257,                 0.4503,                 1.2684,                 1.2424,                 1.5663,               0.007756,               0.007756,               0.007756
                     71,                 1.1544,                 1.0072,                 1.2286,                0.74726,                0.63588,                0.67107,                0.42632,                 1.2736,                 1.3493,                 1.6009,               0.007723,               0.007723,               0.007723
                     72,                 1.1804,                 1.0822,                 1.2511,                0.86554,                0.66227,                0.70893,                 0.4717,                 1.2003,                  1.174,                 1.5509,                0.00769,                0.00769,                0.00769
                     73,                  1.165,                 1.0581,                 1.2431,                0.66677,                0.67546,                0.63405,                0.39891,                 1.3049,                 1.2944,                 1.5833,               0.007657,               0.007657,               0.007657
                     74,                 1.1424,                0.98681,                 1.2261,                0.70405,                0.58839,                0.61542,                0.36373,                 1.4711,                 1.4306,                 1.7347,               0.007624,               0.007624,               0.007624
                     75,                 1.1362,                0.98758,                  1.227,                0.84752,                0.63059,                0.70087,                0.45986,                 1.3084,                 1.1962,                 1.6562,               0.007591,               0.007591,               0.007591
                     76,                  1.135,                 1.0067,                 1.2224,                0.20651,                0.07652,                0.05083,                0.02701,                 3.8153,                 3.8619,                 4.9022,               0.007558,               0.007558,               0.007558
                     77,                 1.1447,                 1.0129,                 1.2229,                 0.7284,                0.62979,                0.65841,                0.45127,                 1.2108,                 1.2452,                 1.5527,               0.007525,               0.007525,               0.007525
                     78,                 1.1325,                0.99403,                 1.2319,                 0.8055,                0.73211,                0.73441,                0.49695,                 1.1535,                 1.0879,                 1.5194,               0.007492,               0.007492,               0.007492
                     79,                 1.1265,                0.98447,                 1.2389,                0.76502,                0.69393,                0.70881,                0.47072,                  1.173,                 1.1838,                 1.4879,               0.007459,               0.007459,               0.007459
                     80,                 1.1129,                0.97036,                 1.2166,                0.74995,                0.71222,                0.70255,                0.46012,                 1.2769,                 1.1835,                 1.5987,               0.007426,               0.007426,               0.007426
                     81,                 1.1447,                0.97383,                   1.24,                0.75779,                0.67693,                0.68302,                0.43316,                 1.2437,                 1.2583,                 1.5698,               0.007393,               0.007393,               0.007393
                     82,                 1.1013,                0.97254,                 1.2149,                0.74027,                0.68433,                0.71006,                0.47275,                 1.1794,                  1.215,                   1.52,                0.00736,                0.00736,                0.00736
                     83,                 1.1269,                0.98078,                 1.2299,                0.59779,                0.53333,                0.51377,                0.28679,                 1.7607,                 2.1739,                  2.052,               0.007327,               0.007327,               0.007327
                     84,                 1.1431,                0.98338,                 1.2384,                0.28197,                0.07124,                0.05395,                0.02923,                 4.1331,                 3.9724,                 4.3316,               0.007294,               0.007294,               0.007294
                     85,                 1.1496,                0.99273,                 1.2254,                0.62973,                0.50923,                 0.5416,                0.34127,                 1.5461,                 1.7185,                  1.926,               0.007261,               0.007261,               0.007261
                     86,                 1.0829,                0.93614,                 1.1974,                0.78522,                0.59805,                0.65709,                0.43845,                 1.2912,                 1.2707,                 1.6274,               0.007228,               0.007228,               0.007228
                     87,                 1.1388,                0.96378,                  1.229,                0.78337,                0.69657,                0.71087,                 0.4922,                 1.1232,                  1.166,                 1.4774,               0.007195,               0.007195,               0.007195
                     88,                 1.1015,                 0.9412,                 1.2037,                0.73377,                0.71268,                0.70777,                0.47642,                 1.1754,                 1.1712,                 1.5134,               0.007162,               0.007162,               0.007162
                     89,                 1.1355,                0.95422,                 1.2166,                0.75818,                0.69129,                0.69747,                 0.4589,                 1.2232,                 1.1448,                 1.5631,               0.007129,               0.007129,               0.007129
                     90,                 1.1167,                0.98363,                 1.2145,                0.82091,                 0.7015,                0.71371,                0.46091,                 1.2528,                 1.1924,                 1.5666,               0.007096,               0.007096,               0.007096
                     91,                 1.0985,                 0.9422,                 1.2013,                0.63964,                0.41689,                0.39108,                0.20368,                 2.2295,                 1.9209,                 2.6282,               0.007063,               0.007063,               0.007063
                     92,                 1.0705,                0.93539,                 1.2021,                0.44326,                0.24802,                 0.2356,                0.14186,                 2.5337,                 2.5047,                 2.7755,                0.00703,                0.00703,                0.00703
                     93,                 1.0847,                0.92162,                 1.2164,                 0.7538,                0.70449,                 0.6831,                 0.4638,                 1.1215,                 1.1439,                 1.4626,               0.006997,               0.006997,               0.006997
                     94,                 1.1124,                0.95865,                 1.2116,                0.74417,                0.66491,                0.70197,                 0.4811,                 1.2067,                 1.2117,                 1.5295,               0.006964,               0.006964,               0.006964
                     95,                 1.1209,                0.96828,                 1.2138,                 0.7931,                0.68602,                 0.7213,                0.49761,                 1.1213,                 1.1521,                 1.4905,               0.006931,               0.006931,               0.006931
                     96,                 1.1339,                 0.9851,                 1.2334,                0.77234,                0.68923,                0.71555,                0.46163,                  1.229,                 1.1412,                 1.5376,               0.006898,               0.006898,               0.006898
                     97,                 1.0812,                0.93907,                 1.2041,                0.80124,                0.70198,                0.70915,                0.46258,                 1.2308,                 1.1751,                 1.5202,               0.006865,               0.006865,               0.006865
                     98,                 1.1111,                0.94442,                 1.2248,                0.39973,                0.49077,                0.39131,                0.23305,                 1.7382,                  2.448,                 2.1999,               0.006832,               0.006832,               0.006832
                     99,                 1.1274,                0.94161,                  1.213,                0.74312,                0.69461,                0.70294,                0.47488,                 1.1956,                   1.15,                 1.5125,               0.006799,               0.006799,               0.006799
                    100,                 1.0682,                 0.8973,                 1.1924,                0.73392,                0.69139,                0.68204,                0.42284,                 1.2618,                 1.2112,                 1.6111,               0.006766,               0.006766,               0.006766
                    101,                  1.117,                0.94122,                 1.2114,                0.75241,                0.65963,                 0.6833,                0.45336,                 1.2474,                 1.1715,                 1.5493,               0.006733,               0.006733,               0.006733
                    102,                 1.0675,                0.89893,                 1.1947,                0.81467,                0.63852,                0.68364,                0.45077,                  1.207,                  1.215,                 1.5573,                 0.0067,                 0.0067,                 0.0067
                    103,                 1.0877,                0.89734,                 1.1877,                0.75537,                0.71768,                 0.6918,                0.45197,                 1.2301,                 1.1679,                 1.5354,               0.006667,               0.006667,               0.006667
                    104,                  1.032,                0.89449,                 1.1734,                0.81505,                0.70185,                0.71724,                0.49286,                 1.2006,                 1.1536,                 1.5394,               0.006634,               0.006634,               0.006634
                    105,                 1.0912,                0.95609,                 1.2171,                0.84929,                0.70712,                0.73265,                0.52522,                 1.1016,                 1.0866,                 1.4988,               0.006601,               0.006601,               0.006601
                    106,                 1.0763,                0.92475,                 1.1936,                0.76871,                0.71032,                0.68808,                0.46396,                 1.1406,                 1.1689,                 1.4628,               0.006568,               0.006568,               0.006568
                    107,                  1.102,                0.97175,                 1.2106,                0.76292,                0.68774,                0.70467,                0.46711,                 1.2739,                 1.1588,                 1.5961,               0.006535,               0.006535,               0.006535
                    108,                 1.0688,                0.92748,                  1.194,                0.69008,                0.68152,                0.67395,                 0.4445,                 1.1226,                 1.1805,                 1.4849,               0.006502,               0.006502,               0.006502
                    109,                 1.0542,                0.90422,                 1.1708,                0.79549,                0.70712,                0.71841,                0.47351,                  1.185,                 1.1274,                 1.5533,               0.006469,               0.006469,               0.006469
                    110,                 1.0513,                0.91149,                 1.1645,                0.52123,                0.28725,                0.25407,                 0.1315,                  2.784,                 2.2946,                 3.1314,               0.006436,               0.006436,               0.006436
                    111,                 1.0952,                0.92728,                 1.1895,                0.66768,                0.59904,                 0.5863,                0.35946,                 1.5409,                 1.5089,                 1.8195,               0.006403,               0.006403,               0.006403
                    112,                 1.0964,                0.91982,                 1.2009,                0.70769,                0.65797,                0.67304,                0.45835,                  1.245,                 1.3658,                 1.6452,                0.00637,                0.00637,                0.00637
                    113,                 1.0574,                0.88943,                 1.1921,                0.80914,                0.65699,                0.65931,                0.45136,                 1.2166,                 1.2227,                 1.5598,               0.006337,               0.006337,               0.006337
                    114,                 1.0739,                0.90554,                 1.1934,                0.77938,                0.65247,                0.69851,                0.46085,                 1.2279,                 1.1775,                 1.5458,               0.006304,               0.006304,               0.006304
                    115,                  1.061,                0.91005,                 1.1832,                0.73766,                0.68257,                0.67387,                0.46068,                 1.1494,                 1.2118,                 1.5547,               0.006271,               0.006271,               0.006271
                    116,                 1.0324,                0.87989,                 1.1791,                0.82439,                0.70185,                0.72248,                0.49509,                 1.1774,                 1.1122,                 1.5466,               0.006238,               0.006238,               0.006238
                    117,                 1.0866,                0.91506,                 1.1943,                0.74438,                0.72296,                0.70979,                0.46082,                 1.1793,                 1.2116,                 1.5083,               0.006205,               0.006205,               0.006205
                    118,                 1.0556,                0.89401,                 1.1703,                0.84204,                0.68602,                0.72419,                0.50813,                 1.1932,                 1.0887,                 1.5898,               0.006172,               0.006172,               0.006172
                    119,                 1.0638,                0.92126,                 1.2007,                0.78038,                0.53034,                0.59336,                0.40378,                 1.2416,                 1.2714,                 1.5636,               0.006139,               0.006139,               0.006139
                    120,                 1.0589,                0.86936,                 1.1984,                0.74247,                0.63588,                0.65906,                0.45639,                 1.2458,                 1.2908,                 1.6054,               0.006106,               0.006106,               0.006106
                    121,                 1.0859,                0.93529,                 1.2059,                0.76268,                 0.7124,                0.70858,                0.47839,                 1.1304,                  1.215,                 1.4788,               0.006073,               0.006073,               0.006073
                    122,                   1.06,                0.89206,                 1.1863,                0.82619,                0.69657,                0.72874,                0.50967,                 1.1121,                 1.0619,                 1.4751,                0.00604,                0.00604,                0.00604
                    123,                  1.055,                 0.8679,                 1.1758,                0.85027,                0.68074,                0.73168,                0.50838,                 1.1287,                 1.0857,                   1.48,               0.006007,               0.006007,               0.006007
                    124,                 1.0424,                0.89588,                  1.186,                0.73623,                 0.6849,                 0.6709,                0.43748,                 1.1764,                 1.2085,                 1.5322,               0.005974,               0.005974,               0.005974
                    125,                 1.0721,                0.89317,                 1.1867,                0.78514,                0.68602,                0.69833,                 0.4783,                 1.1808,                 1.1035,                  1.587,               0.005941,               0.005941,               0.005941
                    126,                 1.0567,                0.88225,                 1.1917,                0.85604,                0.69393,                0.72847,                0.52947,                 1.0984,                 1.0583,                 1.5186,               0.005908,               0.005908,               0.005908
                    127,                 1.1043,                0.91714,                 1.2019,                0.76944,                0.73087,                0.72797,                0.51151,                 1.0995,                 1.0766,                 1.4648,               0.005875,               0.005875,               0.005875
                    128,                 1.0603,                0.89248,                 1.2014,                0.82984,                0.69483,                0.70967,                0.48185,                 1.1525,                 1.1258,                 1.5358,               0.005842,               0.005842,               0.005842
                    129,                 1.0256,                0.86316,                 1.1691,                0.83782,                0.72241,                0.72317,                0.50288,                 1.1202,                 1.0996,                  1.502,               0.005809,               0.005809,               0.005809
                    130,                 1.0257,                0.86739,                 1.1886,                0.84788,                0.70449,                0.73984,                0.51884,                 1.0518,                 1.0491,                 1.4557,               0.005776,               0.005776,               0.005776
                    131,                 1.0294,                0.86064,                 1.1766,                0.86013,                0.68602,                0.72139,                0.50907,                 1.1166,                 1.0358,                 1.4965,               0.005743,               0.005743,               0.005743
                    132,                  1.059,                 0.8704,                 1.1764,                0.81536,                0.71768,                0.71245,                0.51204,                 1.1262,                 1.0889,                 1.5054,                0.00571,                0.00571,                0.00571
                    133,                 1.0322,                0.86943,                 1.1756,                0.85007,                0.71768,                0.72522,                0.54415,                 1.0213,                 1.0138,                 1.4574,               0.005677,               0.005677,               0.005677
                    134,                 1.0332,                0.86377,                 1.1871,                0.82502,                0.72153,                0.72811,                0.51014,                 1.0024,                 1.1014,                 1.4101,               0.005644,               0.005644,               0.005644
                    135,                 1.0307,                0.85018,                 1.1735,                0.79895,                0.69202,                0.71958,                0.51047,                 1.1118,                 1.1473,                 1.4841,               0.005611,               0.005611,               0.005611
                    136,                 1.0476,                0.87418,                 1.1631,                0.85893,                0.69082,                0.72762,                 0.5068,                 1.1401,                 1.0734,                  1.553,               0.005578,               0.005578,               0.005578
                    137,                 1.0221,                0.83993,                 1.1683,                0.82685,                0.71768,                 0.7321,                0.52095,                 1.0442,                 1.0412,                 1.4594,               0.005545,               0.005545,               0.005545
                    138,                  1.003,                0.84337,                 1.1518,                0.80282,                0.69827,                0.70596,                0.50089,                 1.0887,                 1.1317,                 1.4624,               0.005512,               0.005512,               0.005512
                    139,                 1.0338,                0.85207,                  1.175,                0.86045,                0.69954,                0.73684,                0.52636,                 1.1014,                 1.0456,                 1.4895,               0.005479,               0.005479,               0.005479
                    140,                0.99799,                0.82013,                 1.1387,                0.81792,                0.73087,                0.73717,                0.52109,                 1.0797,                 1.0798,                 1.4605,               0.005446,               0.005446,               0.005446
                    141,                  1.013,                0.84729,                 1.1657,                0.84196,                0.70282,                0.75002,                0.55327,                  1.036,                 1.0085,                 1.4483,               0.005413,               0.005413,               0.005413
                    142,                 1.0364,                0.84252,                 1.1684,                0.85033,                0.70712,                0.74369,                0.52278,                 1.1966,                 1.0026,                 1.5326,                0.00538,                0.00538,                0.00538
                    143,                 1.0331,                0.86453,                 1.1688,                0.76565,                0.73087,                0.73212,                0.54036,                 1.0039,                 1.0284,                 1.4464,               0.005347,               0.005347,               0.005347
                    144,                 1.0172,                0.87136,                 1.1681,                0.78838,                0.70775,                0.72472,                0.53623,                 1.0393,                 1.0787,                 1.4884,               0.005314,               0.005314,               0.005314
                    145,                0.98932,                0.82722,                 1.1675,                0.81911,                0.71685,                0.74581,                0.53743,                 1.0516,                 1.0114,                 1.4637,               0.005281,               0.005281,               0.005281
                    146,                 1.0467,                0.87847,                 1.1788,                0.82285,                0.68633,                0.70376,                0.52001,                 1.0359,                 1.1134,                 1.4259,               0.005248,               0.005248,               0.005248
                    147,                0.99755,                0.84032,                 1.1566,                0.82496,                0.72559,                 0.7254,                0.51971,                 1.0611,                 1.0198,                 1.4634,               0.005215,               0.005215,               0.005215
                    148,                0.99783,                0.84565,                 1.1547,                0.82047,                0.72351,                0.73957,                0.53584,                 1.0192,                0.97887,                 1.4136,               0.005182,               0.005182,               0.005182
                    149,                 1.0151,                0.80386,                 1.1601,                0.81177,                0.72296,                0.73562,                0.52201,                 1.0905,                 1.0381,                 1.4902,               0.005149,               0.005149,               0.005149
                    150,                0.99718,                0.85628,                 1.1568,                0.80672,                0.70482,                0.71133,                0.50922,                 1.0377,                 1.0825,                 1.4687,               0.005116,               0.005116,               0.005116
                    151,                 0.9777,                 0.8075,                 1.1376,                0.86808,                0.72823,                0.73146,                0.51231,                 1.1053,                 1.0284,                 1.4886,               0.005083,               0.005083,               0.005083
                    152,                 1.0132,                0.84253,                 1.1668,                0.84813,                0.73879,                0.75671,                0.54878,                 1.0391,                0.96211,                 1.4246,                0.00505,                0.00505,                0.00505
                    153,                0.99128,                0.81346,                 1.1448,                0.78332,                0.71768,                0.70117,                0.49445,                   1.02,                 1.0795,                 1.4787,               0.005017,               0.005017,               0.005017
                    154,                0.98373,                0.82731,                 1.1577,                0.80822,                0.72823,                0.72864,                0.52715,                 1.0507,                0.98585,                 1.5271,               0.004984,               0.004984,               0.004984
                    155,                0.99487,                0.84021,                 1.1558,                0.84691,                0.72983,                0.73843,                0.53248,                 1.0235,                 1.0542,                 1.4529,               0.004951,               0.004951,               0.004951
                    156,                  1.013,                 0.8419,                 1.1564,                0.81049,                0.73087,                0.74692,                0.53703,                 1.0254,                0.99993,                 1.4032,               0.004918,               0.004918,               0.004918
                    157,                0.98677,                0.81504,                 1.1567,                0.83931,                0.71665,                0.74349,                0.50923,                 1.1393,                 1.0234,                 1.4972,               0.004885,               0.004885,               0.004885
                    158,                 0.9622,                0.79392,                  1.145,                0.84693,                0.70449,                0.72894,                0.52959,                  1.028,                 1.0326,                 1.4279,               0.004852,               0.004852,               0.004852
                    159,                0.97995,                 0.8052,                 1.1281,                0.86734,                0.72456,                0.75365,                0.54577,                 1.0701,                0.97839,                 1.4848,               0.004819,               0.004819,               0.004819
                    160,                 0.9922,                0.81796,                 1.1401,                0.86121,                0.72036,                0.75273,                0.56943,                0.99385,                0.92584,                 1.4601,               0.004786,               0.004786,               0.004786
                    161,                0.98548,                0.82496,                  1.155,                0.83792,                0.70929,                0.74238,                0.53559,                 1.0002,                 1.0281,                 1.3866,               0.004753,               0.004753,               0.004753
                    162,                0.99185,                0.80719,                 1.1565,                0.86479,                0.72564,                0.75355,                0.54074,                0.99303,                 1.0042,                 1.3999,                0.00472,                0.00472,                0.00472
                    163,                0.97932,                0.83417,                 1.1599,                0.81506,                0.69768,                0.74307,                0.53823,                 1.0785,                0.98147,                 1.4753,               0.004687,               0.004687,               0.004687
                    164,                0.97539,                0.78796,                 1.1508,                 0.8372,                 0.7124,                 0.7435,                0.54657,                 1.0306,                 1.0072,                 1.4826,               0.004654,               0.004654,               0.004654
                    165,                0.98003,                0.80436,                 1.1522,                0.88032,                0.69657,                 0.7518,                0.55832,                  1.011,                0.93876,                 1.4256,               0.004621,               0.004621,               0.004621
                    166,                0.95675,                0.79724,                 1.1365,                0.79228,                0.72823,                0.72514,                0.52801,                0.94897,                 1.0396,                 1.4089,               0.004588,               0.004588,               0.004588
                    167,                0.99985,                0.81548,                 1.1556,                0.84012,                0.72296,                0.74176,                 0.5438,                 1.0452,                 1.0438,                 1.4719,               0.004555,               0.004555,               0.004555
                    168,                0.97632,                0.80552,                 1.1384,                0.78309,                0.70449,                0.71588,                0.50796,                 1.1004,                 1.0624,                 1.4759,               0.004522,               0.004522,               0.004522
                    169,                0.94962,                0.79608,                  1.128,                0.84937,                0.72823,                0.74879,                0.54075,                 1.0306,                0.99744,                 1.4656,               0.004489,               0.004489,               0.004489
                    170,                0.95075,                0.79579,                 1.1338,                0.85337,                0.69921,                0.73427,                0.54136,                0.98702,                 1.0506,                 1.4157,               0.004456,               0.004456,               0.004456
                    171,                0.97883,                0.83178,                 1.1508,                0.84197,                0.72032,                0.74835,                0.55585,                  1.016,                0.96164,                 1.4804,               0.004423,               0.004423,               0.004423
                    172,                0.97272,                0.79699,                 1.1458,                0.84126,                0.72823,                0.74677,                0.54892,                 1.0435,                0.95569,                 1.4714,                0.00439,                0.00439,                0.00439
                    173,                0.94392,                0.76346,                 1.1283,                0.82371,                0.72559,                0.75626,                0.55631,                0.99386,                0.95814,                 1.4111,               0.004357,               0.004357,               0.004357
                    174,                0.97685,                0.78736,                 1.1466,                0.84387,                0.70976,                0.73962,                0.53936,                 1.0018,                 1.0191,                 1.4471,               0.004324,               0.004324,               0.004324
                    175,                0.95688,                0.77981,                 1.1386,                0.83234,                0.72041,                0.75401,                 0.5377,                 1.0534,                0.99832,                 1.4628,               0.004291,               0.004291,               0.004291
                    176,                0.94741,                0.76276,                 1.1283,                0.84489,                0.73297,                 0.7607,                0.55363,                 1.0259,                0.99196,                 1.4708,               0.004258,               0.004258,               0.004258
                    177,                0.94322,                 0.7743,                 1.1327,                0.80544,                0.70999,                0.72672,                0.52831,                0.96488,                 1.0478,                  1.393,               0.004225,               0.004225,               0.004225
                    178,                 0.9665,                0.78013,                  1.135,                0.84469,                 0.7124,                0.74843,                0.54331,                  1.034,                0.96487,                 1.4705,               0.004192,               0.004192,               0.004192
                    179,                0.95199,                0.77024,                 1.1395,                0.85413,                0.72613,                 0.7418,                 0.5318,                 1.0908,                0.97395,                 1.5087,               0.004159,               0.004159,               0.004159
                    180,                0.93547,                0.75886,                 1.1327,                 0.8787,                0.69921,                0.74647,                0.54033,                 1.0724,                 1.0278,                 1.4761,               0.004126,               0.004126,               0.004126
                    181,                0.96749,                0.77754,                 1.1352,                0.86835,                0.70185,                0.74998,                0.55401,                 1.0045,                0.99728,                 1.4448,               0.004093,               0.004093,               0.004093
                    182,                 0.9398,                0.78465,                 1.1291,                0.83121,                0.72823,                0.74244,                0.53405,                0.99326,                 1.0148,                 1.4412,                0.00406,                0.00406,                0.00406
                    183,                0.93289,                0.75015,                 1.1229,                0.86114,                0.70359,                0.73877,                0.55106,                 1.0485,                0.98977,                 1.4771,               0.004027,               0.004027,               0.004027
                    184,                0.95426,                0.77507,                 1.1381,                0.83862,                0.73087,                0.74169,                0.54658,                 1.0263,                0.97464,                  1.477,               0.003994,               0.003994,               0.003994
                    185,                0.93248,                0.74668,                 1.1256,                0.87223,                0.72051,                0.76082,                0.56299,                 1.0092,                0.92827,                 1.4603,               0.003961,               0.003961,               0.003961
                    186,                0.94881,                0.75601,                 1.1474,                0.85921,                0.72463,                0.75007,                0.56114,                 1.0249,                0.99097,                  1.431,               0.003928,               0.003928,               0.003928
                    187,                0.92426,                0.74809,                 1.1348,                 0.8396,                0.71817,                0.74635,                 0.5576,                 1.0221,                0.99744,                 1.4339,               0.003895,               0.003895,               0.003895
                    188,                0.95428,                0.77987,                 1.1417,                0.84747,                0.73302,                0.74397,                0.55212,                 1.0157,                0.97611,                 1.4452,               0.003862,               0.003862,               0.003862
                    189,                0.91107,                0.74226,                 1.1102,                0.78834,                0.70755,                0.73871,                0.55375,                 1.0151,                0.99947,                 1.4548,               0.003829,               0.003829,               0.003829
                    190,                0.95099,                0.76648,                 1.1255,                0.82331,                0.72823,                0.74945,                0.55006,                 1.0497,                0.97694,                  1.457,               0.003796,               0.003796,               0.003796
                    191,                0.93295,                0.77448,                 1.1216,                0.85613,                0.72296,                0.74477,                0.54666,                 1.0459,                0.96094,                 1.4848,               0.003763,               0.003763,               0.003763
                    192,                0.93596,                0.74592,                 1.1297,                0.85873,                0.70976,                0.73268,                0.54402,                 1.0198,                0.99495,                 1.4408,                0.00373,                0.00373,                0.00373
                    193,                0.93326,                0.74246,                 1.1304,                0.84669,                0.71768,                 0.7264,                0.53801,                 1.0184,                 1.0188,                 1.4264,               0.003697,               0.003697,               0.003697
                    194,                0.95598,                0.77562,                  1.147,                0.84273,                0.70693,                0.73275,                0.54635,                0.99641,                0.96638,                 1.4081,               0.003664,               0.003664,               0.003664
                    195,                0.98308,                 0.7943,                 1.1416,                0.83774,                0.72823,                0.75445,                0.56479,                0.97038,                0.96506,                 1.3995,               0.003631,               0.003631,               0.003631
                    196,                0.92075,                 0.7559,                 1.1231,                 0.8627,                0.72945,                0.73816,                0.54542,                0.95591,                0.97515,                 1.4116,               0.003598,               0.003598,               0.003598
                    197,                0.96629,                0.77177,                 1.1433,                0.15651,                0.05805,                0.02489,                0.01178,                 3.9642,                 3.2627,                  3.899,               0.003565,               0.003565,               0.003565
                    198,                0.92187,                0.74828,                 1.1235,                 0.8693,                0.70198,                 0.7554,                0.54522,                0.99229,                0.95521,                 1.4306,               0.003532,               0.003532,               0.003532
                    199,                0.91886,                0.72379,                 1.1102,                0.81366,                0.72032,                0.72939,                0.53825,                  1.037,                0.99677,                 1.4844,               0.003499,               0.003499,               0.003499
                    200,                0.94343,                0.74356,                 1.1296,                0.85302,                0.69921,                0.72589,                0.52949,                 1.0052,                0.96869,                 1.4373,               0.003466,               0.003466,               0.003466
                    201,                0.93281,                0.74921,                  1.131,                0.82475,                0.69921,                0.73434,                0.54035,                0.99845,                0.97475,                 1.4191,               0.003433,               0.003433,               0.003433
                    202,                0.92073,                0.73746,                 1.1218,                 0.8506,                0.72032,                0.74475,                0.55422,                 1.0097,                0.96925,                 1.4566,                 0.0034,                 0.0034,                 0.0034
                    203,                0.92797,                0.73364,                 1.1149,                0.83507,                0.73478,                  0.752,                0.57115,                0.96883,                0.90797,                 1.4405,               0.003367,               0.003367,               0.003367
                    204,                0.87363,                0.69233,                 1.1014,                0.87088,                0.70976,                0.74361,                0.56486,                0.95923,                0.96651,                 1.4247,               0.003334,               0.003334,               0.003334
                    205,                0.91442,                0.73009,                 1.1174,                0.85498,                0.70003,                0.74193,                0.54889,                0.99409,                0.95662,                  1.428,               0.003301,               0.003301,               0.003301
                    206,                0.89994,                 0.7239,                 1.0981,                0.87224,                0.72296,                0.73725,                0.55047,                0.95855,                0.97516,                 1.4075,               0.003268,               0.003268,               0.003268
                    207,                 0.8937,                 0.7311,                 1.1094,                 0.8283,                0.70976,                0.73745,                0.54984,                0.94687,                0.98155,                  1.359,               0.003235,               0.003235,               0.003235
                    208,                0.93202,                0.73211,                 1.1211,                0.86193,                0.72559,                0.72937,                0.54449,                0.98738,                0.96946,                 1.4482,               0.003202,               0.003202,               0.003202
                    209,                0.91527,                0.72762,                 1.1177,                0.85465,                0.72823,                0.73616,                 0.5526,                0.98358,                0.97264,                 1.4289,               0.003169,               0.003169,               0.003169
                    210,                0.87666,                0.72261,                  1.091,                0.86127,                0.73351,                0.74827,                0.56677,                0.92341,                0.95135,                 1.3933,               0.003136,               0.003136,               0.003136
                    211,                0.91652,                0.73432,                 1.1212,                0.85373,                0.69921,                0.73411,                0.55765,                0.96795,                 1.0068,                 1.4237,               0.003103,               0.003103,               0.003103
                    212,                0.90612,                0.69297,                 1.1142,                0.86944,                0.70976,                0.74084,                0.56199,                0.96044,                0.93988,                 1.4196,                0.00307,                0.00307,                0.00307
                    213,                0.90615,                0.71465,                 1.1167,                0.83347,                0.73087,                0.74043,                0.55857,                 0.9887,                0.94515,                 1.4449,               0.003037,               0.003037,               0.003037
                    214,                0.90133,                0.72263,                 1.1093,                0.87977,                0.69921,                0.73802,                0.55633,                0.96954,                0.95577,                 1.4141,               0.003004,               0.003004,               0.003004
                    215,                0.90108,                0.70224,                 1.1048,                0.85569,                0.71968,                0.75806,                0.55807,                0.97995,                0.95283,                 1.3952,               0.002971,               0.002971,               0.002971
                    216,                0.90085,                0.70078,                 1.1089,                0.85673,                0.72823,                0.73782,                0.56721,                0.93995,                0.95904,                 1.4092,               0.002938,               0.002938,               0.002938
                    217,                0.88965,                0.69455,                 1.1007,                0.84467,                0.72559,                0.74099,                0.54669,                0.97648,                  1.023,                  1.454,               0.002905,               0.002905,               0.002905
                    218,                0.89706,                0.68114,                 1.1093,                0.83281,                0.74915,                0.74518,                0.54862,                0.97579,                 1.0268,                  1.437,               0.002872,               0.002872,               0.002872
                    219,                0.88456,                 0.6905,                 1.1042,                0.89035,                0.71504,                0.74953,                0.55431,                 0.9853,                0.94713,                 1.4769,               0.002839,               0.002839,               0.002839
                    220,                 0.8699,                0.68873,                 1.0924,                0.83617,                0.73087,                0.74322,                0.56103,                0.92637,                0.95494,                 1.4106,               0.002806,               0.002806,               0.002806
                    221,                0.88272,                 0.6891,                 1.0955,                 0.8548,                0.73615,                0.74702,                0.56523,                0.94269,                0.92256,                 1.4271,               0.002773,               0.002773,               0.002773
                    222,                 0.8702,                0.69557,                 1.0955,                0.85209,                0.72823,                 0.7595,                0.56001,                0.97157,                0.94596,                 1.4184,                0.00274,                0.00274,                0.00274
                    223,                0.87709,                0.69718,                 1.0949,                0.86199,                0.74157,                0.75109,                0.57506,                0.93526,                0.95241,                 1.3953,               0.002707,               0.002707,               0.002707
                    224,                0.88905,                0.68164,                  1.116,                0.84861,                0.72473,                0.74686,                0.56727,                0.94791,                0.93843,                 1.4137,               0.002674,               0.002674,               0.002674
                    225,                0.88718,                0.67768,                 1.0995,                0.85601,                0.73351,                0.74591,                0.57125,                0.94163,                0.92671,                 1.4287,               0.002641,               0.002641,               0.002641
                    226,                0.90077,                0.68073,                  1.103,                0.86426,                 0.7124,                0.75127,                0.57525,                  0.918,                 0.9478,                 1.3737,               0.002608,               0.002608,               0.002608
                    227,                0.85373,                 0.6664,                 1.0877,                0.84394,                0.74195,                0.74538,                0.56161,                0.96721,                0.91721,                 1.4343,               0.002575,               0.002575,               0.002575
                    228,                0.87826,                 0.6652,                 1.0979,                0.85673,                0.73087,                0.74874,                0.56499,                0.98391,                0.97052,                 1.4631,               0.002542,               0.002542,               0.002542
                    229,                0.88911,                 0.6966,                 1.1075,                0.87118,                0.74142,                 0.7468,                 0.5711,                0.91542,                0.93188,                 1.4096,               0.002509,               0.002509,               0.002509
                    230,                0.86847,                0.67074,                  1.103,                 0.8889,                0.70712,                0.74201,                0.57274,                0.92966,                0.91885,                 1.4284,               0.002476,               0.002476,               0.002476
                    231,                0.86538,                0.67403,                 1.0924,                0.87212,                0.70976,                0.74545,                0.57941,                0.93226,                0.92878,                 1.4431,               0.002443,               0.002443,               0.002443
                    232,                0.84663,                0.65489,                 1.0801,                0.83568,                0.72823,                 0.7372,                0.57071,                0.92407,                0.97749,                  1.397,                0.00241,                0.00241,                0.00241
                    233,                0.85568,                0.68043,                 1.0888,                0.84497,                0.73345,                0.74385,                 0.5779,                0.93119,                0.93569,                 1.4149,               0.002377,               0.002377,               0.002377
                    234,                0.85186,                0.65096,                 1.0938,                0.85439,                0.74315,                0.75533,                0.58816,                0.93765,                0.90365,                 1.4177,               0.002344,               0.002344,               0.002344
                    235,                0.85977,                0.66339,                 1.0928,                0.82784,                0.73587,                0.73678,                0.56614,                0.96175,                0.94608,                 1.4144,               0.002311,               0.002311,               0.002311
                    236,                0.87643,                0.68645,                 1.1111,                0.82633,                0.67793,                0.70162,                0.51611,                 1.0916,                 1.0451,                 1.5192,               0.002278,               0.002278,               0.002278
                    237,                0.86171,                0.68477,                 1.0869,                0.84768,                0.68338,                0.71507,                0.54071,                 1.0524,                 1.0048,                 1.5012,               0.002245,               0.002245,               0.002245
                    238,                0.83984,                0.64453,                 1.0736,                0.85748,                0.74142,                0.74955,                0.56683,                0.95207,                0.88941,                 1.4342,               0.002212,               0.002212,               0.002212
                    239,                0.85056,                0.66911,                 1.0966,                 0.8584,                0.71504,                0.73091,                0.55972,                0.94215,                 0.9192,                 1.4337,               0.002179,               0.002179,               0.002179
                    240,                0.86969,                0.68936,                 1.0868,                0.85366,                0.73351,                0.74795,                0.56915,                0.92577,                0.88864,                 1.4424,               0.002146,               0.002146,               0.002146
                    241,                 0.8525,                0.64081,                 1.0941,                0.87416,                0.73317,                 0.7428,                0.57628,                0.91451,                0.92235,                 1.4423,               0.002113,               0.002113,               0.002113
                    242,                0.84016,                0.66229,                 1.1012,                0.86528,                0.72559,                0.74888,                0.57778,                0.90396,                0.88912,                 1.4171,                0.00208,                0.00208,                0.00208
                    243,                0.83415,                0.62931,                 1.0752,                0.85663,                0.72559,                0.74976,                0.56883,                0.94035,                 0.9034,                 1.4185,               0.002047,               0.002047,               0.002047
                    244,                0.84016,                0.65152,                 1.0841,                0.86155,                0.72296,                0.73121,                0.56231,                0.94042,                0.92116,                 1.4335,               0.002014,               0.002014,               0.002014
                    245,                0.86107,                0.63741,                 1.0963,                0.86338,                0.73365,                0.74949,                0.57467,                0.92581,                0.94406,                 1.4293,               0.001981,               0.001981,               0.001981
                    246,                0.85154,                0.65592,                 1.1013,                0.84241,                0.73351,                0.74574,                0.57803,                0.92586,                0.90012,                 1.4243,               0.001948,               0.001948,               0.001948
                    247,                0.86073,                0.65373,                 1.0843,                0.87304,                0.71504,                0.75678,                0.57295,                0.94731,                0.88825,                 1.4451,               0.001915,               0.001915,               0.001915
                    248,                0.82819,                0.62856,                 1.0747,                0.85764,                0.72823,                0.75058,                0.57376,                0.92189,                0.89004,                  1.446,               0.001882,               0.001882,               0.001882
                    249,                0.84587,                0.64974,                 1.0876,                0.85956,                0.72668,                0.74362,                0.57235,                0.93072,                0.90605,                 1.4234,               0.001849,               0.001849,               0.001849
                    250,                0.81717,                0.63433,                 1.0701,                0.85652,                0.72032,                0.74206,                0.57525,                0.91848,                0.89878,                 1.4149,               0.001816,               0.001816,               0.001816
                    251,                0.85244,                0.63582,                 1.0867,                 0.8479,                0.72823,                0.73628,                0.56803,                0.93471,                0.92653,                 1.4341,               0.001783,               0.001783,               0.001783
                    252,                0.81024,                0.61965,                 1.0716,                0.86035,                0.73148,                0.74114,                0.57338,                0.91909,                0.89121,                 1.4247,                0.00175,                0.00175,                0.00175
                    253,                0.84168,                0.65128,                 1.0831,                0.85967,                0.72559,                0.73499,                 0.5652,                0.92959,                0.89393,                 1.4348,               0.001717,               0.001717,               0.001717
                    254,                0.82373,                0.64376,                 1.0736,                0.87211,                0.70173,                0.73921,                0.56717,                0.92676,                0.90339,                 1.4189,               0.001684,               0.001684,               0.001684
                    255,                0.81468,                0.62184,                 1.0752,                0.84674,                0.72823,                0.74402,                0.57923,                0.91617,                0.88379,                 1.4198,               0.001651,               0.001651,               0.001651
                    256,                 0.8353,                0.62598,                 1.0741,                0.87843,                0.70185,                0.73586,                0.57629,                0.92953,                0.88344,                 1.4564,               0.001618,               0.001618,               0.001618
                    257,                0.84014,                0.64814,                 1.0922,                0.86326,                0.72823,                 0.7354,                 0.5695,                0.93806,                  0.875,                  1.456,               0.001585,               0.001585,               0.001585
                    258,                 0.8308,                0.64076,                  1.074,                0.83945,                0.73351,                0.72904,                0.55622,                0.91544,                0.93642,                 1.4138,               0.001552,               0.001552,               0.001552
                    259,                0.84013,                0.63493,                 1.0796,                0.87327,                0.70909,                0.73237,                0.56136,                0.91726,                  0.888,                 1.4269,               0.001519,               0.001519,               0.001519
                    260,                0.79547,                0.60653,                 1.0647,                0.81075,                0.73879,                 0.7353,                0.56059,                0.92742,                0.90155,                 1.4144,               0.001486,               0.001486,               0.001486
                    261,                0.81746,                0.63548,                 1.0664,                0.82599,                0.72559,                0.73831,                0.56106,                0.92293,                0.92239,                 1.4283,               0.001453,               0.001453,               0.001453
                    262,                0.80434,                0.60209,                 1.0594,                0.84975,                0.73351,                 0.7401,                0.56553,                0.91606,                0.91264,                 1.4427,                0.00142,                0.00142,                0.00142
                    263,                 0.7828,                0.60862,                 1.0545,                0.85654,                0.73615,                0.73943,                0.56622,                0.92114,                0.89452,                 1.4633,               0.001387,               0.001387,               0.001387
                    264,                0.79622,                0.61567,                 1.0702,                0.85012,                0.73331,                0.72986,                0.55671,                0.90787,                 0.9246,                 1.4469,               0.001354,               0.001354,               0.001354
                    265,                0.80606,                0.63472,                 1.0659,                0.85835,                0.73547,                0.74073,                0.56345,                0.92871,                0.90213,                  1.434,               0.001321,               0.001321,               0.001321
                    266,                0.79409,                0.59791,                 1.0637,                0.84855,                0.73914,                0.74695,                0.56548,                0.91913,                0.90683,                 1.4335,               0.001288,               0.001288,               0.001288
                    267,                0.81451,                0.62103,                  1.075,                0.85585,                0.73629,                0.74016,                0.57593,                0.90488,                0.88068,                 1.4227,               0.001255,               0.001255,               0.001255
                    268,                0.80193,                0.61618,                 1.0648,                0.84395,                0.72774,                0.73159,                0.56578,                0.91127,                0.87961,                 1.4103,               0.001222,               0.001222,               0.001222
                    269,                 0.7846,                0.58264,                 1.0669,                 0.8384,                0.72549,                0.72175,                0.55658,                 0.9206,                0.90533,                 1.4393,               0.001189,               0.001189,               0.001189
                    270,                0.77917,                0.59439,                 1.0569,                0.85744,                0.73087,                 0.7382,                0.56441,                0.91677,                0.89427,                 1.4371,               0.001156,               0.001156,               0.001156
                    271,                0.80023,                0.58603,                   1.07,                0.85818,                0.73445,                0.74477,                0.56912,                0.92128,                0.90644,                 1.4239,               0.001123,               0.001123,               0.001123
                    272,                0.76514,                0.57172,                 1.0404,                0.85185,                0.73087,                0.74524,                0.57951,                0.89083,                0.91183,                 1.4169,                0.00109,                0.00109,                0.00109
                    273,                0.77444,                0.59708,                 1.0521,                0.84954,                0.73351,                0.73487,                0.57218,                0.90388,                0.88908,                 1.4267,               0.001057,               0.001057,               0.001057
                    274,                0.78488,                0.58577,                 1.0614,                0.84885,                0.73087,                0.74381,                0.57887,                0.92186,                0.90152,                 1.4367,               0.001024,               0.001024,               0.001024
                    275,                0.78833,                0.59671,                 1.0647,                0.86645,                0.73609,                0.74896,                0.58309,                0.89776,                0.87698,                  1.425,               0.000991,               0.000991,               0.000991
                    276,                0.78247,                0.59395,                 1.0544,                0.86142,                0.73808,                0.75263,                0.57872,                0.87925,                 0.8714,                 1.4031,               0.000958,               0.000958,               0.000958
                    277,                0.77426,                0.57664,                 1.0556,                0.85251,                0.73615,                 0.7443,                0.57311,                0.90828,                0.87687,                 1.4178,               0.000925,               0.000925,               0.000925
                    278,                0.77899,                0.59043,                 1.0454,                0.86796,                0.73351,                0.74186,                0.57736,                0.89449,                0.87152,                 1.4241,               0.000892,               0.000892,               0.000892
                    279,                0.79764,                0.59033,                 1.0729,                0.85666,                0.72823,                0.74866,                0.58421,                0.88793,                0.85595,                 1.4228,               0.000859,               0.000859,               0.000859
                    280,                0.76313,                0.57229,                 1.0482,                0.87903,                0.70712,                0.73847,                 0.5784,                0.88233,                0.87488,                 1.4139,               0.000826,               0.000826,               0.000826
                    281,                0.78254,                0.59151,                 1.0465,                0.85676,                0.72595,                0.74475,                0.57879,                0.87215,                 0.8665,                 1.4034,               0.000793,               0.000793,               0.000793
                    282,                0.76739,                0.57859,                 1.0581,                0.83459,                 0.7467,                0.75601,                 0.5874,                0.87063,                0.83685,                 1.4039,                0.00076,                0.00076,                0.00076
                    283,                0.77663,                0.58815,                 1.0491,                0.84776,                0.73465,                0.75174,                0.58227,                0.89062,                0.88438,                 1.4115,               0.000727,               0.000727,               0.000727
                    284,                0.77685,                 0.5792,                 1.0585,                0.86346,                0.73415,                0.75163,                0.58136,                0.89437,                0.88984,                 1.4106,               0.000694,               0.000694,               0.000694
